ID,제목,내용,작성자,조회수,등록일
1,React 개발 환경 설정 가이드,"React 프로젝트를 시작하기 위한 개발 환경 설정 방법을 알아보겠습니다.

먼저 Node.js 설치가 필요합니다. Node.js는 JavaScript 런타임으로, React 개발에 필수적인 도구입니다.

설치 과정:
1. Node.js 공식 사이트에서 LTS 버전 다운로드
2. npm 또는 yarn 패키지 매니저 확인
3. Create React App 설치: npm install -g create-react-app
4. 새 프로젝트 생성: npx create-react-app my-app

개발 서버 실행:
- cd my-app
- npm start

이제 http://localhost:3000에서 React 앱을 확인할 수 있습니다. 개발자 도구와 Hot Reload 기능을 활용하여 효율적인 개발을 진행하세요.",김개발,127,2025-01-15
2,JavaScript ES6+ 신기능 정리,"ES6부터 최신 JavaScript까지의 새로운 기능들을 정리했습니다.

주요 ES6+ 기능들:

1. Arrow Function
const add = (a, b) => a + b;

2. Template Literals
const message = `Hello, ${name}!`;

3. Destructuring
const { name, age } = user;
const [first, second] = array;

4. Spread Operator
const newArray = [...oldArray, newItem];

5. Promise와 async/await
async function fetchData() {
  const response = await fetch('/api/data');
  return response.json();
}

6. Modules (import/export)
import React from 'react';
export default MyComponent;

7. Optional Chaining (ES2020)
const value = user?.profile?.name;

8. Nullish Coalescing (ES2020)
const result = value ?? 'default';

이러한 기능들을 활용하면 더 간결하고 읽기 쉬운 코드를 작성할 수 있습니다.",이자바,89,2025-01-16
3,CSS Grid와 Flexbox 비교,"레이아웃을 위한 CSS Grid와 Flexbox의 차이점과 언제 어떤 것을 사용해야 하는지 알아봅시다.

Flexbox:
- 1차원 레이아웃 (행 또는 열)
- 컨테이너 내 아이템들의 정렬과 분배
- 네비게이션, 버튼 그룹, 센터링에 적합

.container {
  display: flex;
  justify-content: center;
  align-items: center;
}

CSS Grid:
- 2차원 레이아웃 (행과 열)
- 복잡한 레이아웃 구조
- 페이지 전체 레이아웃, 카드 그리드에 적합

.grid-container {
  display: grid;
  grid-template-columns: repeat(3, 1fr);
  gap: 20px;
}

언제 무엇을 사용할까?
- 단순한 1차원 정렬: Flexbox
- 복잡한 2차원 레이아웃: Grid
- 반응형 카드 레이아웃: Grid
- 네비게이션 메뉴: Flexbox

두 기술을 함께 사용하는 것도 가능하며, 실제로는 조합해서 사용하는 경우가 많습니다.",박스타일,156,2025-01-17
4,Node.js API 서버 구축하기,"Express.js를 사용한 RESTful API 서버 구축 과정을 단계별로 설명합니다.

1. 프로젝트 초기화
npm init -y
npm install express cors helmet morgan

2. 기본 서버 설정
const express = require('express');
const app = express();

app.use(express.json());
app.use(cors());

3. 라우트 정의
app.get('/api/users', (req, res) => {
  res.json({ users: [] });
});

app.post('/api/users', (req, res) => {
  const { name, email } = req.body;
  // 사용자 생성 로직
  res.status(201).json({ id: 1, name, email });
});

4. 미들웨어 활용
const authenticateToken = (req, res, next) => {
  const token = req.header('Authorization');
  if (!token) return res.status(401).json({ error: 'Access denied' });
  // 토큰 검증 로직
  next();
};

5. 에러 처리
app.use((err, req, res, next) => {
  console.error(err.stack);
  res.status(500).json({ error: 'Something went wrong!' });
});

6. 서버 시작
const PORT = process.env.PORT || 3000;
app.listen(PORT, () => {
  console.log(`Server running on port ${PORT}`);
});

이제 Postman이나 Thunder Client로 API를 테스트해보세요!",최노드,203,2025-01-18
5,Git 브랜치 전략 가이드,"효율적인 Git 브랜치 관리를 위한 Git Flow와 GitHub Flow 전략을 비교 분석합니다.

Git Flow:
복잡한 프로젝트에 적합한 브랜치 전략

주요 브랜치:
- main: 프로덕션 릴리즈
- develop: 개발 통합
- feature/*: 기능 개발
- release/*: 릴리즈 준비
- hotfix/*: 긴급 수정

워크플로우:
1. feature 브랜치에서 개발
2. develop 브랜치로 병합
3. release 브랜치에서 릴리즈 준비
4. main 브랜치로 최종 병합

GitHub Flow:
간단하고 빠른 배포가 필요한 프로젝트에 적합

워크플로우:
1. main 브랜치에서 feature 브랜치 생성
2. 기능 개발 후 Pull Request 생성
3. 코드 리뷰 및 테스트
4. main 브랜치로 병합 후 즉시 배포

선택 기준:
- 복잡한 릴리즈 주기: Git Flow
- 빠른 배포와 간단한 구조: GitHub Flow
- 팀 크기와 프로젝트 복잡도 고려

브랜치 명명 규칙:
- feature/user-authentication
- bugfix/login-error
- hotfix/security-patch",강깃허브,78,2025-01-19
6,TypeScript 기본부터 고급까지,"TypeScript는 JavaScript에 정적 타입을 추가한 언어로, 대규모 애플리케이션 개발에 필수적인 도구입니다.

기본 타입 정의:
interface User {
  id: number;
  name: string;
  email?: string;
}

function createUser(userData: User): User {
  return { ...userData };
}

제네릭 활용:
function identity<T>(arg: T): T {
  return arg;
}

const stringResult = identity<string>('hello');
const numberResult = identity<number>(42);

유니온 타입:
type Status = 'loading' | 'success' | 'error';

인터섹션 타입:
type Employee = Person & {
  employeeId: string;
  department: string;
};

고급 타입:
type Partial<T> = {
  [P in keyof T]?: T[P];
};

type Pick<T, K extends keyof T> = {
  [P in K]: T[P];
};

TypeScript 설정:
// tsconfig.json
{
  ""compilerOptions"": {
    ""target"": ""ES2020"",
    ""module"": ""ESNext"",
    ""strict"": true,
    ""noImplicitAny"": true,
    ""strictNullChecks"": true
  }
}

타입 가드:
function isString(value: any): value is string {
  return typeof value === 'string';
}

이러한 TypeScript 기능들을 활용하면 런타임 에러를 줄이고 코드의 가독성과 유지보수성을 크게 향상시킬 수 있습니다.",정타입,245,2025-01-20
7,Vue.js 3 Composition API 활용법,"Vue 3의 Composition API는 로직 재사용성과 타입 추론을 개선한 새로운 API입니다.

기본 사용법:
import { ref, reactive, computed, watch } from 'vue';

export default {
  setup() {
    const count = ref(0);
    const user = reactive({
      name: 'John',
      age: 30
    });

    const doubleCount = computed(() => count.value * 2);

    watch(count, (newVal, oldVal) => {
      console.log(`Count changed from ${oldVal} to ${newVal}`);
    });

    function increment() {
      count.value++;
    }

    return {
      count,
      user,
      doubleCount,
      increment
    };
  }
};

Composable 함수:
// useCounter.js
import { ref } from 'vue';

export function useCounter(initialValue = 0) {
  const count = ref(initialValue);

  const increment = () => count.value++;
  const decrement = () => count.value--;
  const reset = () => count.value = initialValue;

  return {
    count,
    increment,
    decrement,
    reset
  };
}

// 컴포넌트에서 사용
import { useCounter } from './composables/useCounter';

export default {
  setup() {
    const { count, increment, decrement } = useCounter(10);

    return {
      count,
      increment,
      decrement
    };
  }
};

라이프사이클 훅:
import { onMounted, onUpdated, onUnmounted } from 'vue';

export default {
  setup() {
    onMounted(() => {
      console.log('Component mounted');
    });

    onUpdated(() => {
      console.log('Component updated');
    });

    onUnmounted(() => {
      console.log('Component unmounted');
    });
  }
};

Composition API를 통해 로직을 더 체계적으로 구성하고 재사용할 수 있습니다.",유뷰제이,134,2025-01-21
8,웹 성능 최적화 기법,"웹 애플리케이션의 성능을 향상시키기 위한 다양한 최적화 기법들을 알아봅시다.

이미지 최적화:
- WebP, AVIF 형식 사용
- 이미지 크기 최적화 (width, height 지정)
- Lazy Loading 구현
- responsive images 활용

<img
  src=""image.webp""
  alt=""Description""
  width=""300""
  height=""200""
  loading=""lazy""
/>

CSS 최적화:
- Critical CSS 추출
- CSS 파일 압축 및 병합
- 사용하지 않는 CSS 제거
- CSS-in-JS 최적화

JavaScript 최적화:
- 코드 스플리팅
- Tree shaking
- 번들 크기 분석
- 사용하지 않는 코드 제거

// 동적 임포트를 통한 코드 스플리팅
const LazyComponent = React.lazy(() => import('./LazyComponent'));

네트워크 최적화:
- HTTP/2 활용
- CDN 사용
- Gzip/Brotli 압축
- 리소스 프리로딩

<link rel=""preload"" href=""/fonts/main.woff2"" as=""font"" type=""font/woff2"" crossorigin>
<link rel=""prefetch"" href=""/api/data"">

브라우저 캐싱:
- Cache-Control 헤더 설정
- ETag 활용
- Service Worker 캐싱
- localStorage 적절한 사용

성능 측정:
- Lighthouse 점수 모니터링
- Core Web Vitals 추적
- Real User Monitoring (RUM)
- 성능 예산 설정

이러한 최적화 기법들을 체계적으로 적용하면 사용자 경험을 크게 개선할 수 있습니다.",성최적,189,2025-01-22
9,MongoDB 데이터 모델링,"NoSQL 데이터베이스인 MongoDB의 효율적인 데이터 모델링 패턴을 학습합니다.

문서 구조 설계:
// 사용자 컬렉션
{
  _id: ObjectId('...'),
  username: 'john_doe',
  email: 'john@example.com',
  profile: {
    firstName: 'John',
    lastName: 'Doe',
    age: 30,
    avatar: 'https://example.com/avatar.jpg'
  },
  preferences: {
    theme: 'dark',
    notifications: true,
    language: 'en'
  },
  createdAt: ISODate('2025-01-01T00:00:00Z'),
  updatedAt: ISODate('2025-01-01T00:00:00Z')
}

관계 모델링:
1. 임베딩 (Embedding)
// 1:Few 관계에 적합
{
  _id: ObjectId('...'),
  title: 'Blog Post',
  content: '...',
  comments: [
    {
      author: 'Jane',
      text: 'Great post!',
      createdAt: ISODate('...')
    }
  ]
}

2. 참조 (Referencing)
// 1:Many 관계에 적합
{
  _id: ObjectId('...'),
  title: 'Blog Post',
  author: ObjectId('user_id'),
  categories: [ObjectId('cat1'), ObjectId('cat2')]
}

인덱스 최적화:
db.users.createIndex({ email: 1 }, { unique: true });
db.posts.createIndex({ author: 1, createdAt: -1 });
db.posts.createIndex({ '$**': 'text' }); // 텍스트 검색

집계 파이프라인:
db.orders.aggregate([
  { $match: { status: 'completed' } },
  { $group: {
    _id: '$customerId',
    totalAmount: { $sum: '$amount' },
    orderCount: { $sum: 1 }
  }},
  { $sort: { totalAmount: -1 } },
  { $limit: 10 }
]);

스키마 검증:
db.createCollection('users', {
  validator: {
    $jsonSchema: {
      bsonType: 'object',
      required: ['username', 'email'],
      properties: {
        username: { bsonType: 'string' },
        email: { bsonType: 'string', pattern: '^.+@.+$' }
      }
    }
  }
});

MongoDB의 유연성을 활용하되, 적절한 구조와 인덱스로 성능을 최적화하는 것이 중요합니다.",몽구디비,92,2025-01-23
10,React Hooks 심화 가이드,"React Hooks의 고급 활용법과 커스텀 훅 개발 방법을 상세히 알아봅시다.

useEffect 최적화:
// 의존성 배열 최적화
useEffect(() => {
  fetchUserData(userId);
}, [userId]); // userId가 변경될 때만 실행

// cleanup 함수 활용
useEffect(() => {
  const subscription = subscribeToData();
  return () => subscription.unsubscribe();
}, []);

useCallback과 useMemo:
// 함수 메모이제이션
const memoizedCallback = useCallback(() => {
  doSomething(a, b);
}, [a, b]);

// 값 메모이제이션
const expensiveValue = useMemo(() => {
  return computeExpensiveValue(props.data);
}, [props.data]);

커스텀 훅 개발:
// useLocalStorage 훅
function useLocalStorage(key, initialValue) {
  const [storedValue, setStoredValue] = useState(() => {
    try {
      const item = window.localStorage.getItem(key);
      return item ? JSON.parse(item) : initialValue;
    } catch (error) {
      console.error(error);
      return initialValue;
    }
  });

  const setValue = useCallback((value) => {
    try {
      setStoredValue(value);
      window.localStorage.setItem(key, JSON.stringify(value));
    } catch (error) {
      console.error(error);
    }
  }, [key]);

  return [storedValue, setValue];
}

// useFetch 훅
function useFetch(url) {
  const [data, setData] = useState(null);
  const [loading, setLoading] = useState(true);
  const [error, setError] = useState(null);

  useEffect(() => {
    const fetchData = async () => {
      try {
        setLoading(true);
        const response = await fetch(url);
        const result = await response.json();
        setData(result);
      } catch (err) {
        setError(err);
      } finally {
        setLoading(false);
      }
    };

    fetchData();
  }, [url]);

  return { data, loading, error };
}

useReducer 고급 패턴:
function reducer(state, action) {
  switch (action.type) {
    case 'FETCH_START':
      return { ...state, loading: true, error: null };
    case 'FETCH_SUCCESS':
      return { ...state, loading: false, data: action.payload };
    case 'FETCH_ERROR':
      return { ...state, loading: false, error: action.payload };
    default:
      return state;
  }
}

function useAsyncReducer(asyncFunction) {
  const [state, dispatch] = useReducer(reducer, {
    data: null,
    loading: false,
    error: null
  });

  const execute = useCallback(async (...args) => {
    dispatch({ type: 'FETCH_START' });
    try {
      const result = await asyncFunction(...args);
      dispatch({ type: 'FETCH_SUCCESS', payload: result });
    } catch (error) {
      dispatch({ type: 'FETCH_ERROR', payload: error });
    }
  }, [asyncFunction]);

  return { ...state, execute };
}

이러한 고급 패턴들을 활용하면 더 효율적이고 재사용 가능한 React 컴포넌트를 작성할 수 있습니다.",훅마스터,167,2025-01-24
6,TypeScript 기본부터 고급까지,JavaScript 개발자를 위한 TypeScript 완벽 가이드입니다. 타입 정의부터 고급 패턴까지 다룹니다.,정타입,245,2025-01-20
7,Vue.js 3 Composition API 활용법,Vue 3의 새로운 Composition API를 활용한 컴포넌트 개발 패턴을 소개합니다.,유뷰제이,134,2025-01-21
8,웹 성능 최적화 기법,웹 애플리케이션의 로딩 속도와 런타임 성능을 향상시키는 다양한 기법들을 알아봅시다.,성최적,189,2025-01-22
9,MongoDB 데이터 모델링,NoSQL 데이터베이스인 MongoDB의 효율적인 데이터 모델링 패턴을 학습합니다.,몽구디비,92,2025-01-23
10,React Hooks 심화 가이드,useState useEffect를 넘어서는 고급 React Hooks 사용법과 커스텀 훅 개발을 다룹니다.,훅마스터,167,2025-01-24
11,웹팩 설정 완전 정복,복잡한 웹팩 설정을 이해하고 프로젝트에 맞는 최적화된 빌드 환경을 구성해봅시다.,웹팩왕,98,2025-01-25
12,Docker 컨테이너 기초,개발 환경 통일을 위한 Docker 컨테이너 기초 개념과 실제 활용 사례를 알아봅니다.,도커맨,221,2025-01-26
13,AWS 클라우드 서비스 입문,Amazon Web Services의 주요 서비스들과 클라우드 아키텍처 설계 기초를 학습합니다.,아마존,156,2025-01-27
14,GraphQL vs REST API,전통적인 REST API와 현대적인 GraphQL의 장단점을 비교하고 선택 기준을 제시합니다.,그래프큐엘,143,2025-01-28
15,Next.js SSR과 SSG 이해하기,Next.js의 서버사이드 렌더링과 정적 사이트 생성 기능을 깊이 있게 알아봅시다.,넥스트,178,2025-01-29
16,Sass와 Less 전처리기 활용,CSS 전처리기의 강력한 기능들을 활용한 효율적인 스타일 개발 방법을 소개합니다.,사스리스,87,2025-01-30
17,Jest를 활용한 단위 테스트,JavaScript 애플리케이션의 안정성을 위한 Jest 단위 테스트 작성법을 배워봅시다.,제스트,134,2025-01-31
18,Cypress E2E 테스트 자동화,엔드투엔드 테스트 자동화를 위한 Cypress 도구 사용법과 베스트 프랙티스를 다룹니다.,사이프레스,112,2025-02-01
19,Redux Toolkit 상태 관리,복잡한 React 애플리케이션을 위한 Redux Toolkit을 활용한 효율적인 상태 관리 방법입니다.,리덕스,203,2025-02-02
20,Styled Components 스타일링,CSS-in-JS 라이브러리인 Styled Components를 활용한 컴포넌트 기반 스타일링을 알아봅시다.,스타일드,156,2025-02-03
21,Zustand 경량 상태 관리,Redux의 대안으로 주목받는 Zustand를 활용한 간단하고 효율적인 상태 관리 방법입니다.,주스탄드,89,2025-02-04
22,Storybook 컴포넌트 문서화,UI 컴포넌트의 개발과 문서화를 위한 Storybook 도구 활용법을 상세히 알아봅시다.,스토리북,167,2025-02-05
23,ESLint와 Prettier 설정,코드 품질과 일관성을 위한 ESLint와 Prettier 설정 가이드와 팀 개발 규칙 수립 방법입니다.,린터,145,2025-02-06
24,Vite 빌드 도구 활용법,차세대 프론트엔드 빌드 도구 Vite의 특징과 기존 도구 대비 장점을 알아봅시다.,비트,198,2025-02-07
25,PWA 개발 완전 가이드,Progressive Web App 개발을 위한 서비스 워커 매니페스트 파일 작성법을 다룹니다.,피더블유에이,176,2025-02-08
26,WebSocket 실시간 통신,웹 애플리케이션에서 실시간 양방향 통신을 위한 WebSocket 기술 활용법을 알아봅시다.,웹소켓,123,2025-02-09
27,OAuth 2.0 인증 구현,안전한 사용자 인증을 위한 OAuth 2.0 프로토콜의 이해와 실제 구현 방법을 다룹니다.,오어스,134,2025-02-10
28,JWT 토큰 인증 시스템,JSON Web Token을 활용한 stateless 인증 시스템 구축과 보안 고려사항을 알아봅시다.,제이더블유티,187,2025-02-11
29,Nginx 웹 서버 설정,고성능 웹 서버 Nginx의 기본 설정부터 로드 밸런싱까지 실무 활용법을 다룹니다.,엔진엑스,156,2025-02-12
30,Redis 캐싱 전략,In-memory 데이터베이스 Redis를 활용한 효율적인 캐싱 전략과 성능 개선 방법입니다.,레디스,143,2025-02-13
31,MySQL 쿼리 최적화,대용량 데이터베이스에서의 쿼리 성능 최적화 기법과 인덱스 활용 방법을 알아봅시다.,마이에스큐엘,198,2025-02-14
32,PostgreSQL 고급 기능,오픈소스 관계형 데이터베이스 PostgreSQL의 고급 기능과 최적화 기법을 다룹니다.,포스트그레,134,2025-02-15
33,ElasticSearch 검색 엔진,대용량 데이터 검색을 위한 ElasticSearch 구축과 검색 쿼리 최적화 방법을 알아봅시다.,일래스틱,167,2025-02-16
34,Kubernetes 컨테이너 오케스트레이션,마이크로서비스 아키텍처를 위한 Kubernetes 클러스터 관리와 배포 자동화를 다룹니다.,쿠버네티스,189,2025-02-17
35,CI/CD 파이프라인 구축,지속적 통합과 배포를 위한 GitHub Actions Jenkins를 활용한 자동화 파이프라인 구축법입니다.,시아이시디,156,2025-02-18
36,Terraform 인프라 관리,코드로 인프라를 관리하는 Infrastructure as Code Terraform 활용법을 알아봅시다.,테라폼,123,2025-02-19
37,Monitoring과 Logging,애플리케이션 모니터링과 로그 관리를 위한 Prometheus Grafana ELK 스택 활용법입니다.,모니터링,178,2025-02-20
38,마이크로서비스 아키텍처,대규모 시스템을 위한 마이크로서비스 아키텍처 설계 원칙과 구현 전략을 다룹니다.,마이크로,203,2025-02-21
39,DDD 도메인 주도 설계,복잡한 비즈니스 로직을 효과적으로 관리하기 위한 Domain Driven Design 방법론을 알아봅시다.,디디디,145,2025-02-22
40,TDD 테스트 주도 개발,테스트를 먼저 작성하는 TDD 개발 방법론과 실제 적용 사례를 통해 학습해봅시다.,티디디,167,2025-02-23
41,Clean Code 작성법,읽기 쉽고 유지보수가 용이한 클린 코드 작성을 위한 원칙과 실제 리팩토링 사례입니다.,클린코드,234,2025-02-24
42,SOLID 객체지향 원칙,객체지향 프로그래밍의 5가지 핵심 원칙 SOLID를 이해하고 실제 코드에 적용해봅시다.,솔리드,198,2025-02-25
43,디자인 패턴 활용법,소프트웨어 개발에서 자주 사용되는 디자인 패턴들의 개념과 JavaScript에서의 구현 방법입니다.,패턴왕,176,2025-02-26
44,함수형 프로그래밍 기초,JavaScript에서의 함수형 프로그래밍 패러다임과 불변성 순수함수의 중요성을 알아봅시다.,함수형,156,2025-02-27
45,비동기 프로그래밍 마스터,Promise async/await를 활용한 효율적인 비동기 프로그래밍 패턴과 에러 처리 방법입니다.,비동기,189,2025-02-28
46,웹 접근성 가이드라인,모든 사용자가 접근 가능한 웹 개발을 위한 WCAG 가이드라인과 실제 구현 방법을 다룹니다.,접근성,123,2025-03-01
47,반응형 웹 디자인,다양한 디바이스에서 최적화된 사용자 경험을 제공하는 반응형 웹 디자인 기법을 알아봅시다.,반응형,167,2025-03-02
48,SEO 최적화 전략,검색 엔진 최적화를 위한 메타 태그 구조화된 데이터 사이트맵 최적화 방법입니다.,에스이오,145,2025-03-03
49,웹 보안 기초,XSS CSRF SQL Injection 등 주요 웹 보안 취약점과 방어 기법을 알아봅시다.,보안왕,198,2025-03-04
50,HTTPS와 SSL/TLS,웹 통신 보안을 위한 HTTPS 프로토콜과 SSL/TLS 인증서 설정 방법을 다룹니다.,에이치티티피에스,156,2025-03-05
51,Chrome DevTools 활용법,웹 개발과 디버깅을 위한 Chrome 개발자 도구의 고급 기능과 활용 팁을 소개합니다.,크롬툴,134,2025-03-06
52,VS Code 확장 프로그램,개발 생산성 향상을 위한 Visual Studio Code 필수 확장 프로그램과 설정 방법입니다.,브이에스코드,189,2025-03-07
53,Git 고급 명령어,기본적인 Git 사용법을 넘어서는 고급 명령어와 복잡한 상황에서의 문제 해결 방법입니다.,깃마스터,167,2025-03-08
54,Linux 서버 관리,개발자를 위한 Linux 서버 기초 관리와 쉘 스크립트 작성 방법을 알아봅시다.,리눅스,145,2025-03-09
55,API 문서 자동화,Swagger OpenAPI를 활용한 REST API 문서 자동화와 API 테스트 환경 구축법입니다.,스웨거,178,2025-03-10
56,Postman API 테스트,API 개발과 테스트를 위한 Postman 도구 활용법과 자동화된 테스트 작성 방법입니다.,포스트맨,123,2025-03-11
57,WebRTC 실시간 미디어,웹 브라우저 간 실시간 음성 영상 통신을 위한 WebRTC 기술 활용법을 알아봅시다.,웹알티씨,156,2025-03-12
58,WebAssembly 성능 최적화,웹에서 네이티브 성능을 제공하는 WebAssembly 기술과 C/C++ Rust 연동 방법입니다.,웹어셈블리,198,2025-03-13
59,Service Worker 활용,오프라인 기능과 백그라운드 동기화를 위한 Service Worker API 활용법을 다룹니다.,서비스워커,134,2025-03-14
60,Web Components 표준,재사용 가능한 커스텀 엘리먼트 개발을 위한 Web Components 표준 기술을 알아봅시다.,웹컴포넌트,167,2025-03-15
61,Intersection Observer API,무한 스크롤과 레이지 로딩 구현을 위한 Intersection Observer API 활용법입니다.,인터섹션,145,2025-03-16
62,Canvas API 그래픽,HTML5 Canvas를 활용한 2D 그래픽과 애니메이션 구현 기법을 상세히 알아봅시다.,캔버스,189,2025-03-17
63,Web Audio API 음향,웹에서 고품질 오디오 처리와 음향 효과를 위한 Web Audio API 활용법을 다룹니다.,웹오디오,123,2025-03-18
64,Geolocation API 위치,사용자 위치 정보를 활용한 지도 서비스와 위치 기반 애플리케이션 개발 방법입니다.,지오로케이션,156,2025-03-19
65,File API 파일 처리,브라우저에서 파일 업로드 드래그앤드롭 이미지 미리보기 구현을 위한 File API 활용법입니다.,파일에이피아이,178,2025-03-20
66,IndexedDB 로컬 저장,대용량 클라이언트 사이드 데이터 저장을 위한 IndexedDB 사용법과 성능 최적화 기법입니다.,인덱스디비,134,2025-03-21
67,Cache API 오프라인,오프라인 기능 구현을 위한 Cache API와 효율적인 캐싱 전략을 알아봅시다.,캐시에이피아이,167,2025-03-22
68,Fetch API 네트워크,XMLHttpRequest를 대체하는 현대적인 Fetch API의 고급 활용법과 에러 처리 방법입니다.,페치,145,2025-03-23
69,History API 라우팅,SPA에서 브라우저 히스토리 관리를 위한 History API와 클라이언트 사이드 라우팅 구현법입니다.,히스토리,198,2025-03-24
70,Performance API 측정,웹 성능 측정과 모니터링을 위한 Performance API와 성능 지표 분석 방법을 다룹니다.,퍼포먼스,156,2025-03-25
71,MutationObserver DOM 감시,DOM 변화를 효율적으로 감지하고 처리하기 위한 MutationObserver API 활용법입니다.,뮤테이션,123,2025-03-26
72,ResizeObserver 크기 감지,요소 크기 변화를 감지하여 반응형 컴포넌트를 구현하는 ResizeObserver API 사용법입니다.,리사이즈,189,2025-03-27
73,Web Workers 백그라운드,메인 스레드를 차단하지 않는 백그라운드 작업을 위한 Web Workers 활용법을 알아봅시다.,웹워커,167,2025-03-28
74,SharedArrayBuffer 메모리,고성능 멀티스레딩을 위한 SharedArrayBuffer와 Atomics API 활용법을 다룹니다.,쉐어드어레이,145,2025-03-29
75,WebGL 3D 그래픽,웹에서 3D 그래픽과 게임 개발을 위한 WebGL과 Three.js 라이브러리 활용법입니다.,웹지엘,178,2025-03-30
76,WebVR/WebXR 가상현실,웹 브라우저에서 VR/AR 경험을 제공하는 WebXR 기술과 개발 방법을 알아봅시다.,웹엑스알,134,2025-03-31
77,Payment Request API,웹에서 간편한 결제 경험을 제공하는 Payment Request API와 결제 시스템 연동법입니다.,페이먼트,156,2025-04-01
78,Credential Management API,사용자 인증 정보 관리를 위한 Credential Management API와 보안 강화 방법입니다.,크리덴셜,167,2025-04-02
79,Web Share API 공유,네이티브 공유 기능을 웹에서 활용하는 Web Share API와 소셜 미디어 연동 방법입니다.,웹쉐어,145,2025-04-03
80,Notification API 알림,웹 애플리케이션에서 푸시 알림을 구현하는 Notification API와 실시간 알림 시스템입니다.,노티피케이션,198,2025-04-04
81,Battery Status API,모바일 기기의 배터리 정보를 활용한 적응형 웹 애플리케이션 개발 방법을 알아봅시다.,배터리,123,2025-04-05
82,Device Orientation API,모바일 기기의 방향 센서를 활용한 인터랙티브 웹 애플리케이션 개발 기법입니다.,디바이스,189,2025-04-06
83,Vibration API 진동,모바일 웹에서 햅틱 피드백을 제공하는 Vibration API와 사용자 경험 향상 방법입니다.,바이브레이션,156,2025-04-07
84,Screen Orientation API,화면 방향 제어와 방향 변화 감지를 위한 Screen Orientation API 활용법을 다룹니다.,스크린,167,2025-04-08
85,Fullscreen API 전체화면,웹 애플리케이션에서 전체화면 모드를 구현하는 Fullscreen API와 미디어 플레이어 개발법입니다.,풀스크린,145,2025-04-09
86,Picture-in-Picture API,비디오 콘텐츠를 위한 Picture-in-Picture 모드 구현과 멀티태스킹 사용자 경험 제공법입니다.,픽쳐인픽쳐,178,2025-04-10
87,Media Session API,미디어 재생 제어를 위한 Media Session API와 백그라운드 음악 재생 관리 방법입니다.,미디어세션,134,2025-04-11
88,MediaDevices API 미디어,카메라와 마이크 접근을 위한 MediaDevices API와 실시간 미디어 스트림 처리법입니다.,미디어디바이스,156,2025-04-12
89,Clipboard API 클립보드,현대적인 클립보드 조작을 위한 Clipboard API와 복사/붙여넣기 기능 개선 방법입니다.,클립보드,189,2025-04-13
90,Contact Picker API,연락처 정보에 안전하게 접근하는 Contact Picker API와 프라이버시 보호 방법을 알아봅시다.,컨택트,123,2025-04-14
91,File System Access API,로컬 파일 시스템에 접근하는 File System Access API와 데스크톱급 웹 앱 개발법입니다.,파일시스템,167,2025-04-15
92,Web Locks API 동시성,웹 애플리케이션에서 리소스 접근 제어를 위한 Web Locks API와 동시성 관리 방법입니다.,웹락스,145,2025-04-16
93,Broadcast Channel API,탭 간 통신을 위한 Broadcast Channel API와 멀티탭 애플리케이션 상태 동기화 방법입니다.,브로드캐스트,198,2025-04-17
94,Page Lifecycle API,페이지 생명주기 관리를 위한 Page Lifecycle API와 백그라운드 탭 최적화 기법입니다.,페이지라이프사이클,156,2025-04-18
95,Web Bluetooth API,IoT 기기와 웹 브라우저 간 Bluetooth 통신을 구현하는 Web Bluetooth API 활용법입니다.,웹블루투스,178,2025-04-19
96,Web USB API 연결,USB 기기와 웹 애플리케이션 간 직접 통신을 위한 Web USB API 사용법을 알아봅시다.,웹유에스비,134,2025-04-20
97,Web Serial API 시리얼,시리얼 포트 통신을 통한 하드웨어 제어를 위한 Web Serial API와 임베디드 시스템 연동법입니다.,웹시리얼,167,2025-04-21
98,Web HID API 입력장치,HID 입력 장치와 웹 애플리케이션 간 통신을 위한 Web HID API 활용법을 다룹니다.,웹에이치아이디,145,2025-04-22
99,Origin Private File System,웹 애플리케이션 전용 파일 시스템을 위한 Origin Private File System API 사용법입니다.,오리진파일,189,2025-04-23
100,Background Fetch API,오프라인 상태에서도 대용량 파일 다운로드를 가능하게 하는 Background Fetch API 활용법입니다.,백그라운드페치,156,2025-04-24
101,Progressive Web Apps 구축,네이티브 앱과 같은 경험을 제공하는 PWA 개발 과정과 최적화 방법을 상세히 알아봅시다.,피더블유에이개발,234,2025-04-25
102,모던 CSS 기법 총정리,CSS Grid Flexbox Custom Properties 등 최신 CSS 기법을 활용한 효율적인 스타일링 방법입니다.,씨에스에스마스터,187,2025-04-26
103,Webpack 5 신기능 가이드,Module Federation과 Asset Modules 등 Webpack 5의 새로운 기능과 마이그레이션 방법을 다룹니다.,웹팩파이브,145,2025-04-27
104,Micro Frontend 아키텍처,독립적인 프론트엔드 팀을 위한 마이크로 프론트엔드 아키텍처 설계와 구현 전략입니다.,마이크로프론트,198,2025-04-28
105,GraphQL Code Generator,GraphQL 스키마에서 TypeScript 타입을 자동 생성하는 Code Generator 활용법을 알아봅시다.,코드제너레이터,167,2025-04-29
106,Jamstack 개발 방법론,JavaScript API Markup을 활용한 현대적인 웹 개발 방법론과 실제 구현 사례입니다.,잼스택,156,2025-04-30
107,Headless CMS 활용,컨텐츠 관리를 위한 Headless CMS 선택과 프론트엔드 연동 방법을 상세히 다룹니다.,헤드리스씨엠에스,189,2025-05-01
108,Static Site Generation,Next.js와 Gatsby를 활용한 정적 사이트 생성과 성능 최적화 기법을 알아봅시다.,에스에스지,123,2025-05-02
109,Server Components 이해,React Server Components의 개념과 클라이언트 컴포넌트와의 차이점을 학습합니다.,서버컴포넌트,234,2025-05-03
110,Edge Computing 활용,CDN과 Edge Functions을 활용한 전 세계 사용자를 위한 성능 최적화 방법입니다.,엣지컴퓨팅,178,2025-05-04
111,WebAssembly Rust 연동,Rust 언어로 작성한 고성능 모듈을 WebAssembly로 컴파일하여 웹에서 활용하는 방법입니다.,러스트웹어셈,145,2025-05-05
112,Deno 런타임 가이드,Node.js의 대안으로 주목받는 Deno 런타임의 특징과 실제 프로젝트 적용 방법을 다룹니다.,데노,167,2025-05-06
113,Bun 자바스크립트 런타임,초고속 JavaScript 런타임 Bun의 특징과 패키지 매니저 기능을 알아봅시다.,번,198,2025-05-07
114,SvelteKit 풀스택 프레임워크,Svelte 기반의 풀스택 프레임워크 SvelteKit을 활용한 웹 애플리케이션 개발법입니다.,스벨트킷,156,2025-05-08
115,Astro 정적 사이트 빌더,컴포넌트 아일랜드 아키텍처를 특징으로 하는 Astro를 활용한 고성능 웹사이트 구축법입니다.,아스트로,189,2025-05-09
116,Qwik 즉시 재개 프레임워크,즉시 재개 가능한 웹 애플리케이션을 위한 Qwik 프레임워크의 혁신적인 개념과 활용법입니다.,퀵,123,2025-05-10
117,Solid.js 반응형 라이브러리,세밀한 반응성을 제공하는 Solid.js의 특징과 React와의 차이점을 알아봅시다.,솔리드제이에스,234,2025-05-11
118,Alpine.js 경량 프레임워크,HTML 위에서 동작하는 경량 JavaScript 프레임워크 Alpine.js 활용법을 다룹니다.,알파인,178,2025-05-12
119,Lit 웹 컴포넌트 라이브러리,Web Components 표준을 기반으로 한 Lit 라이브러리를 활용한 재사용 가능한 컴포넌트 개발법입니다.,리트,145,2025-05-13
120,Stimulus 모듈식 프레임워크,기존 HTML을 향상시키는 모듈식 JavaScript 프레임워크 Stimulus의 철학과 활용법입니다.,스티뮬러스,167,2025-05-14
121,htmx 하이퍼미디어 접근법,하이퍼미디어를 활용한 인터랙티브 웹 개발을 위한 htmx 라이브러리 사용법을 알아봅시다.,에이치티엠엑스,198,2025-05-15
122,Remix 풀스택 웹 프레임워크,웹 표준에 기반한 Remix 프레임워크를 활용한 빠르고 안정적인 웹 앱 개발법입니다.,리믹스,156,2025-05-16
123,Fresh Deno 웹 프레임워크,Deno 기반의 Fresh 프레임워크를 활용한 아일랜드 아키텍처 웹 애플리케이션 개발법입니다.,프레시,189,2025-05-17
124,Turbo 모노레포 도구,JavaScript와 TypeScript 프로젝트를 위한 고성능 빌드 시스템 Turbo 활용법을 다룹니다.,터보,123,2025-05-18
125,Rush 대규모 모노레포,마이크로소프트에서 개발한 대규모 모노레포 관리 도구 Rush의 특징과 사용법입니다.,러시,234,2025-05-19
126,Lerna 패키지 관리,다중 패키지 관리를 위한 Lerna 도구의 활용법과 모노레포 워크플로우를 알아봅시다.,러나,178,2025-05-20
127,Nx 개발 플랫폼,확장 가능한 개발을 위한 Nx 플랫폼과 워크스페이스 관리 방법을 상세히 다룹니다.,엔엑스,145,2025-05-21
128,pnpm 효율적 패키지 매니저,디스크 공간을 절약하는 효율적인 패키지 매니저 pnpm의 특징과 활용법입니다.,피엔피엠,167,2025-05-22
129,Yarn Berry 모던 패키지 매니저,Plug'n'Play 기능을 제공하는 Yarn Berry의 혁신적인 패키지 관리 방식을 알아봅시다.,얀베리,198,2025-05-23
130,Rome 통합 도구체인,JavaScript 프로젝트를 위한 올인원 도구체인 Rome의 특징과 기존 도구들과의 비교입니다.,로마,156,2025-05-24
131,Biome 웹 도구체인,Rome의 후속 프로젝트인 Biome을 활용한 빠른 웹 개발 도구체인 구축법을 다룹니다.,바이옴,189,2025-05-25
132,SWC 빠른 컴파일러,Rust로 작성된 초고속 JavaScript/TypeScript 컴파일러 SWC 활용법을 알아봅시다.,에스더블유씨,123,2025-05-26
133,esbuild 번들러,Go로 작성된 극도로 빠른 JavaScript 번들러 esbuild의 특징과 사용법입니다.,이에스빌드,234,2025-05-27
134,Rollup 모듈 번들러,라이브러리 개발에 최적화된 Rollup 번들러를 활용한 효율적인 번들링 전략을 다룹니다.,롤업,178,2025-05-28
135,Parcel 제로 설정 번들러,설정 없이 바로 사용 가능한 Parcel 번들러의 특징과 빠른 개발 환경 구축법입니다.,파셀,145,2025-05-29
136,Snowpack 빌드 도구,ESM 기반의 번들러 없는 개발을 위한 Snowpack 빌드 도구 활용법을 알아봅시다.,스노우팩,167,2025-05-30
137,WMR 프리액트 도구,Preact 팀에서 개발한 올인원 개발 도구 WMR의 특징과 사용법을 상세히 다룹니다.,더블유엠알,198,2025-05-31
138,Playwright E2E 테스트,크로스 브라우저 E2E 테스트를 위한 Playwright 도구 활용법과 고급 테스팅 기법입니다.,플레이라이트,156,2025-06-01
139,Vitest 빠른 테스트 러너,Vite 기반의 초고속 테스트 러너 Vitest를 활용한 효율적인 단위 테스트 작성법입니다.,비테스트,189,2025-06-02
140,Testing Library 모범 사례,사용자 중심의 테스트 작성을 위한 Testing Library 활용법과 모범 사례를 알아봅시다.,테스팅라이브러리,123,2025-06-03
141,MSW API 모킹,Mock Service Worker를 활용한 API 모킹과 테스트 환경 구축 방법을 상세히 다룹니다.,엠에스더블유,234,2025-06-04
142,Storybook 7 새로운 기능,Storybook 7의 새로운 기능과 개선된 개발자 경험을 활용한 컴포넌트 개발법입니다.,스토리북세븐,178,2025-06-05
143,Chromatic 시각적 테스트,Storybook과 연동되는 Chromatic을 활용한 시각적 회귀 테스트 자동화 방법입니다.,크로매틱,145,2025-06-06
144,Figma to Code 자동화,Figma 디자인을 코드로 자동 변환하는 도구들과 디자인-개발 워크플로우 최적화 방법입니다.,피그마투코드,167,2025-06-07
145,Design System 구축,일관된 사용자 경험을 위한 디자인 시스템 구축과 컴포넌트 라이브러리 관리 방법입니다.,디자인시스템,198,2025-06-08
146,Tailwind CSS 유틸리티,유틸리티 퍼스트 CSS 프레임워크 Tailwind CSS를 활용한 빠른 UI 개발 방법을 알아봅시다.,테일윈드,156,2025-06-09
147,Stitches CSS-in-JS,성능과 개발자 경험을 모두 만족시키는 CSS-in-JS 라이브러리 Stitches 활용법입니다.,스티치스,189,2025-06-10
148,Emotion CSS-in-JS,React를 위한 강력한 CSS-in-JS 라이브러리 Emotion의 고급 기능과 최적화 방법을 다룹니다.,이모션,123,2025-06-11
149,Vanilla Extract CSS,타입 안전한 CSS-in-TypeScript 솔루션 Vanilla Extract를 활용한 스타일링 방법입니다.,바닐라익스트랙트,234,2025-06-12
150,Linaria 제로 런타임 CSS,제로 런타임 CSS-in-JS 라이브러리 Linaria를 활용한 성능 최적화된 스타일링 방법입니다.,리나리아,178,2025-06-13
151,PostCSS 플러그인 생태계,CSS 후처리를 위한 PostCSS와 다양한 플러그인을 활용한 CSS 워크플로우 최적화 방법입니다.,포스트씨에스에스,145,2025-06-14
152,CSS Modules 스코프드 CSS,CSS 클래스명 충돌을 방지하는 CSS Modules를 활용한 컴포넌트 기반 스타일링 방법입니다.,씨에스에스모듈,167,2025-06-15
153,Sass/SCSS 고급 기법,CSS 전처리기 Sass의 고급 기능과 대규모 프로젝트에서의 스타일 아키텍처 설계법입니다.,사스고급,198,2025-06-16
154,CSS Container Queries,요소 기반 반응형 디자인을 위한 CSS Container Queries의 개념과 실제 활용 사례입니다.,컨테이너쿼리,156,2025-06-17
155,CSS Subgrid 레이아웃,복잡한 그리드 레이아웃을 위한 CSS Subgrid 기능과 Grid와의 조합 활용법을 알아봅시다.,서브그리드,189,2025-06-18
156,CSS Cascade Layers,CSS 우선순위 관리를 위한 Cascade Layers 기능과 대규모 CSS 아키텍처에서의 활용법입니다.,캐스케이드레이어,123,2025-06-19
157,CSS Color Functions,CSS의 새로운 색상 함수들과 동적 색상 시스템 구축을 위한 고급 기법을 다룹니다.,컬러함수,234,2025-06-20
158,CSS Custom Properties,CSS 변수의 고급 활용법과 JavaScript와의 연동을 통한 동적 테마 시스템 구축법입니다.,커스텀프로퍼티,178,2025-06-21
159,CSS Houdini API,CSS 렌더링 파이프라인을 확장하는 Houdini API를 활용한 커스텀 CSS 속성 개발법입니다.,후디니,145,2025-06-22
160,CSS Animation 최적화,CSS 애니메이션의 성능 최적화 기법과 60fps를 위한 GPU 가속 활용 방법을 알아봅시다.,애니메이션최적화,167,2025-06-23
161,Web Animations API,JavaScript로 제어하는 고급 웹 애니메이션을 위한 Web Animations API 활용법입니다.,웹애니메이션에이피아이,198,2025-06-24
162,Framer Motion 애니메이션,React를 위한 강력한 애니메이션 라이브러리 Framer Motion의 고급 기능과 활용법입니다.,프레이머모션,156,2025-06-25
163,Lottie 애니메이션 통합,After Effects 애니메이션을 웹에서 활용하는 Lottie 라이브러리 통합과 최적화 방법입니다.,로티,189,2025-06-26
164,GSAP 고성능 애니메이션,고성능 JavaScript 애니메이션 라이브러리 GSAP을 활용한 복잡한 인터랙션 구현법입니다.,지에스에이피,123,2025-06-27
165,Three.js 3D 웹 개발,WebGL을 추상화한 Three.js를 활용한 3D 웹 애플리케이션과 인터랙티브 경험 개발법입니다.,쓰리제이에스,234,2025-06-28
166,React Three Fiber,React와 Three.js를 결합한 React Three Fiber를 활용한 선언적 3D 개발 방법을 알아봅시다.,리액트쓰리파이버,178,2025-06-29
167,Babylon.js 3D 엔진,강력한 3D 웹 엔진 Babylon.js를 활용한 게임과 시뮬레이션 개발 기법을 상세히 다룹니다.,바빌론,145,2025-06-30
168,A-Frame VR 웹 개발,HTML과 유사한 문법으로 VR 경험을 개발하는 A-Frame 프레임워크 활용법입니다.,에이프레임,167,2025-07-01
169,WebXR 가상현실 개발,웹 브라우저에서 VR/AR 경험을 구현하는 WebXR API와 실제 개발 사례를 알아봅시다.,웹엑스알개발,198,2025-07-02
170,ML5.js 머신러닝,웹에서 접근 가능한 머신러닝을 위한 ML5.js 라이브러리와 AI 웹 애플리케이션 개발법입니다.,엠엘파이브,156,2025-07-03
171,TensorFlow.js 딥러닝,JavaScript로 딥러닝 모델을 개발하고 웹에서 실행하는 TensorFlow.js 활용법을 다룹니다.,텐서플로우,189,2025-07-04
172,MediaPipe 웹 솔루션,실시간 미디어 처리를 위한 MediaPipe 웹 솔루션과 컴퓨터 비전 애플리케이션 개발법입니다.,미디어파이프,123,2025-07-05
173,Web Speech API 음성인식,브라우저 내장 음성 인식과 음성 합성을 위한 Web Speech API 활용법을 알아봅시다.,웹스피치,234,2025-07-06
174,WebCodecs 미디어 처리,고성능 오디오/비디오 처리를 위한 WebCodecs API와 미디어 애플리케이션 개발법입니다.,웹코덱스,178,2025-07-07
175,WebRTC 실시간 통신 고급,P2P 실시간 통신을 위한 WebRTC의 고급 기능과 화상회의 애플리케이션 구축법입니다.,웹알티씨고급,145,2025-07-08
176,Socket.io 실시간 서버,실시간 양방향 통신을 위한 Socket.io 서버 구축과 클라이언트 연동 방법을 상세히 다룹니다.,소켓아이오,167,2025-07-09
177,Server-Sent Events 스트리밍,서버에서 클라이언트로의 실시간 데이터 스트리밍을 위한 Server-Sent Events 활용법입니다.,에스에스이,198,2025-07-10
178,WebTransport 차세대 통신,HTTP/3 기반의 차세대 웹 통신 프로토콜 WebTransport의 특징과 활용 방안을 알아봅시다.,웹트랜스포트,156,2025-07-11
179,gRPC-Web 고성능 RPC,고성능 RPC 통신을 위한 gRPC-Web 프로토콜과 JavaScript 클라이언트 구현법입니다.,지알피씨웹,189,2025-07-12
180,Protocol Buffers 직렬화,효율적인 데이터 직렬화를 위한 Protocol Buffers와 JavaScript에서의 활용법을 다룹니다.,프로토콜버퍼,123,2025-07-13
181,MessagePack 바이너리 직렬화,JSON보다 효율적인 바이너리 직렬화 포맷 MessagePack의 웹 애플리케이션 적용법입니다.,메시지팩,234,2025-07-14
182,CBOR 간결한 직렬화,RFC 7049 표준인 CBOR 직렬화 포맷과 IoT 웹 애플리케이션에서의 활용법을 알아봅시다.,씨비오알,178,2025-07-15
183,FlatBuffers 제로카피 직렬화,구글에서 개발한 제로카피 직렬화 라이브러리 FlatBuffers의 JavaScript 활용법입니다.,플랫버퍼,145,2025-07-16
184,Avro 스키마 진화,Apache Avro 직렬화 시스템과 스키마 진화를 고려한 웹 API 설계 방법을 다룹니다.,아브로,167,2025-07-17
185,JSON Schema 검증,JSON 데이터 검증과 API 문서화를 위한 JSON Schema 활용법과 도구들을 알아봅시다.,제이슨스키마,198,2025-07-18
186,OpenAPI 3.0 명세,REST API 문서화와 코드 생성을 위한 OpenAPI 3.0 명세 작성법과 도구 활용법입니다.,오픈에이피아이,156,2025-07-19
187,AsyncAPI 이벤트 문서화,이벤트 드리븐 아키텍처를 위한 AsyncAPI 명세와 문서 자동화 방법을 상세히 다룹니다.,어싱크에이피아이,189,2025-07-20
188,GraphQL Federation,마이크로서비스 환경에서의 GraphQL Federation을 활용한 통합 API 게이트웨이 구축법입니다.,그래프큐엘페더레이션,123,2025-07-21
189,Apollo GraphQL 플랫폼,GraphQL을 위한 종합 플랫폼 Apollo를 활용한 클라이언트-서버 개발과 관리 방법입니다.,아폴로,234,2025-07-22
190,Relay GraphQL 클라이언트,Facebook에서 개발한 GraphQL 클라이언트 Relay의 고급 기능과 React 통합법을 다룹니다.,릴레이,178,2025-07-23
191,Urql 경량 GraphQL 클라이언트,가볍고 확장 가능한 GraphQL 클라이언트 Urql의 특징과 React 애플리케이션 통합법입니다.,유알큐엘,145,2025-07-24
192,SWR 데이터 페칭,데이터 페칭을 위한 React Hooks 라이브러리 SWR의 캐싱과 재검증 전략을 알아봅시다.,에스더블유알,167,2025-07-25
193,React Query 서버 상태,서버 상태 관리를 위한 React Query의 고급 기능과 최적화 패턴을 상세히 다룹니다.,리액트쿼리,198,2025-07-26
194,Zustand 상태 관리 고급,Redux 대안인 Zustand의 고급 패턴과 TypeScript 통합 방법을 알아봅시다.,주스탄드고급,156,2025-07-27
195,Jotai 원자적 상태 관리,원자적 접근법을 사용하는 Jotai 상태 관리 라이브러리의 철학과 활용법을 다룹니다.,조타이,189,2025-07-28
196,Valtio 프록시 상태 관리,프록시 기반 상태 관리 라이브러리 Valtio를 활용한 직관적인 상태 업데이트 방법입니다.,발티오,123,2025-07-29
197,XState 상태 머신,복잡한 상태 로직을 관리하는 XState 상태 머신 라이브러리의 개념과 실제 적용법입니다.,엑스스테이트,234,2025-07-30
198,Recoil 실험적 상태 관리,Facebook의 실험적 상태 관리 라이브러리 Recoil의 특징과 React 애플리케이션 통합법입니다.,리코일,178,2025-07-31
199,Context API 최적화,React Context API의 성능 최적화 기법과 대규모 애플리케이션에서의 효율적인 사용법입니다.,컨텍스트최적화,145,2025-08-01
200,useReducer 고급 패턴,React useReducer Hook의 고급 패턴과 복잡한 상태 로직 관리 방법을 알아봅시다.,유즈리듀서,167,2025-08-02
201,Custom Hooks 설계 패턴,재사용 가능한 Custom Hooks 설계 원칙과 효율적인 로직 추상화 방법을 다룹니다.,커스텀훅스,198,2025-08-03
202,React Suspense 동시성,React 18의 Suspense와 동시성 기능을 활용한 사용자 경험 개선 방법을 상세히 알아봅시다.,서스펜스,156,2025-08-04
203,React 18 새로운 기능,React 18의 Automatic Batching StartTransition 등 새로운 기능과 마이그레이션 가이드입니다.,리액트18,189,2025-08-05
204,Next.js 13 App Router,Next.js 13의 새로운 App Router와 Server Components를 활용한 현대적인 웹 앱 개발법입니다.,넥스트13,123,2025-08-06
205,Remix 데이터 로딩,웹 표준에 기반한 Remix의 데이터 로딩 패턴과 네트워크 최적화 방법을 알아봅시다.,리믹스데이터,234,2025-08-07
206,SvelteKit 파일 기반 라우팅,SvelteKit의 파일 기반 라우팅 시스템과 서버사이드 렌더링 최적화 기법을 다룹니다.,스벨트킷라우팅,178,2025-08-08
207,Nuxt.js 3 풀스택,Vue.js 기반의 Nuxt.js 3를 활용한 풀스택 웹 애플리케이션 개발과 배포 전략입니다.,넉스트3,145,2025-08-09
208,Angular 15 신기능,Angular 15의 Standalone Components Image Directive 등 신기능과 성능 개선사항입니다.,앵귤러15,167,2025-08-10
209,Vue 3 Composition API 고급,Vue 3 Composition API의 고급 패턴과 TypeScript 통합을 통한 타입 안전한 개발법입니다.,뷰3고급,198,2025-08-11
210,Ember.js 최신 동향,웹 애플리케이션 프레임워크 Ember.js의 최신 동향과 Convention over Configuration 철학입니다.,엠버,156,2025-08-12
211,Preact 경량 React 대안,React API와 호환되는 경량 라이브러리 Preact의 특징과 번들 크기 최적화 방법입니다.,프리액트,189,2025-08-13
212,Inferno 고성능 React 대안,고성능에 중점을 둔 React 대안 Inferno의 특징과 벤치마크 비교를 알아봅시다.,인페르노,123,2025-08-14
213,Hyperapp 미니멀 프레임워크,1KB 크기의 미니멀한 JavaScript 프레임워크 Hyperapp의 철학과 활용법을 다룹니다.,하이퍼앱,234,2025-08-15
214,Lit HTML 템플릿 라이브러리,효율적인 HTML 템플릿 렌더링을 위한 Lit HTML 라이브러리의 특징과 Web Components 통합법입니다.,리트에이치티엠엘,178,2025-08-16
215,Stencil 컴파일러,Web Components를 위한 컴파일러 Stencil을 활용한 크로스 프레임워크 컴포넌트 개발법입니다.,스텐실,145,2025-08-17
216,Ionic 하이브리드 앱,웹 기술로 모바일 앱을 개발하는 Ionic 프레임워크와 Capacitor 네이티브 런타임 활용법입니다.,아이오닉,167,2025-08-18
217,Cordova 모바일 개발,웹 기술을 네이티브 앱으로 패키징하는 Apache Cordova 플랫폼과 플러그인 개발 방법입니다.,코르도바,198,2025-08-19
218,React Native 크로스플랫폼,JavaScript로 네이티브 모바일 앱을 개발하는 React Native의 고급 기능과 성능 최적화법입니다.,리액트네이티브,156,2025-08-20
219,Flutter Web 크로스플랫폼,Dart 언어 기반의 Flutter를 웹 플랫폼에서 활용하는 방법과 성능 고려사항을 다룹니다.,플러터웹,189,2025-08-21
220,Tauri 데스크톱 앱,Rust 기반의 Tauri를 활용한 경량 데스크톱 애플리케이션 개발과 웹 기술 통합법입니다.,타우리,123,2025-08-22
221,Electron 데스크톱 개발,웹 기술로 데스크톱 애플리케이션을 개발하는 Electron의 고급 기능과 성능 최적화 방법입니다.,일렉트론,234,2025-08-23
222,Neutralino 경량 프레임워크,네이티브 API 접근이 가능한 경량 데스크톱 앱 프레임워크 Neutralino 활용법을 알아봅시다.,뉴트럴리노,178,2025-08-24
223,Wails Go 데스크톱,Go 백엔드와 웹 프론트엔드를 결합한 Wails 프레임워크를 활용한 데스크톱 앱 개발법입니다.,웨일즈,145,2025-08-25
224,NodeGUI Qt 기반 앱,Qt 기반의 NodeGUI를 활용한 네이티브 성능의 데스크톱 애플리케이션 개발 방법을 다룹니다.,노드지유아이,167,2025-08-26
225,PWA 고급 기능,Progressive Web App의 고급 기능과 네이티브 앱과 유사한 사용자 경험 구현 방법입니다.,피더블유에이고급,198,2025-08-27
226,Service Worker 고급 패턴,Service Worker를 활용한 고급 캐싱 전략과 백그라운드 동기화 구현 방법을 알아봅시다.,서비스워커고급,156,2025-08-28
227,Web App Manifest 최적화,PWA의 핵심인 Web App Manifest 파일 최적화와 설치 경험 개선 방법을 다룹니다.,웹앱매니페스트,189,2025-08-29
228,Workbox PWA 도구,Google에서 개발한 Workbox 도구를 활용한 PWA 개발과 Service Worker 관리 방법입니다.,워크박스,123,2025-08-30
229,WebAPK 안드로이드 통합,안드로이드에서 PWA를 네이티브 앱처럼 동작시키는 WebAPK 기술과 Chrome Custom Tabs 활용법입니다.,웹에이피케이,234,2025-08-31
230,App Store PWA 배포,iOS App Store와 Google Play Store에 PWA를 배포하는 방법과 제약사항을 알아봅시다.,앱스토어피더블유에이,178,2025-09-01
231,Web Vitals 성능 측정,사용자 경험을 측정하는 Web Vitals 지표와 Core Web Vitals 최적화 전략을 상세히 다룹니다.,웹바이탈,145,2025-09-02
232,Lighthouse 성능 감사,Google Lighthouse를 활용한 웹 성능 감사와 자동화된 성능 모니터링 시스템 구축법입니다.,라이트하우스,167,2025-09-03
233,WebPageTest 분석,WebPageTest를 활용한 상세한 웹 성능 분석과 실제 사용자 조건에서의 성능 측정 방법입니다.,웹페이지테스트,198,2025-09-04
234,Chrome DevTools Performance,Chrome 개발자 도구의 Performance 패널을 활용한 런타임 성능 분석과 최적화 기법입니다.,크롬퍼포먼스,156,2025-09-05
235,Bundle Analyzer 최적화,Webpack Bundle Analyzer를 활용한 번들 크기 분석과 코드 스플리팅 최적화 전략입니다.,번들분석기,189,2025-09-06
236,Tree Shaking 최적화,사용하지 않는 코드 제거를 위한 Tree Shaking 기법과 ES Modules 최적화 방법을 알아봅시다.,트리쉐이킹,123,2025-09-07
237,Code Splitting 전략,애플리케이션 로딩 성능 향상을 위한 Code Splitting 전략과 React Suspense 활용법입니다.,코드스플리팅,234,2025-09-08
238,Lazy Loading 구현,이미지와 컴포넌트의 지연 로딩을 통한 초기 로딩 성능 최적화 방법을 상세히 다룹니다.,레이지로딩,178,2025-09-09
239,Critical CSS 추출,Above-the-fold 콘텐츠를 위한 Critical CSS 추출과 렌더링 최적화 기법을 알아봅시다.,크리티컬씨에스에스,145,2025-09-10
240,Resource Hints 최적화,dns-prefetch preconnect preload 등 Resource Hints를 활용한 네트워크 성능 최적화법입니다.,리소스힌트,167,2025-09-11
241,HTTP/2 Push 전략,HTTP/2 Server Push를 활용한 리소스 전송 최적화와 성능 향상 전략을 다룹니다.,에이치티티피2푸시,198,2025-09-12
242,HTTP/3 QUIC 프로토콜,차세대 웹 프로토콜 HTTP/3과 QUIC의 특징과 웹 성능에 미치는 영향을 알아봅시다.,에이치티티피3,156,2025-09-13
243,CDN 최적화 전략,Content Delivery Network를 활용한 글로벌 성능 최적화와 엣지 컴퓨팅 활용법입니다.,씨디엔최적화,189,2025-09-14
244,Image 최적화 기법,WebP AVIF 형식과 responsive images를 활용한 이미지 로딩 성능 최적화 방법입니다.,이미지최적화,123,2025-09-15
245,Font Loading 최적화,웹 폰트 로딩 성능 최적화를 위한 font-display 속성과 폰트 서브셋팅 기법을 다룹니다.,폰트로딩,234,2025-09-16
246,WebAssembly 성능 활용,WebAssembly를 활용한 CPU 집약적 작업의 성능 최적화와 JavaScript 연동 방법입니다.,웹어셈블리성능,178,2025-09-17
247,Web Workers 병렬처리,Web Workers를 활용한 병렬 처리와 메인 스레드 성능 최적화 기법을 상세히 알아봅시다.,웹워커병렬,145,2025-09-18
248,Memory 누수 방지,JavaScript 메모리 누수 패턴과 Chrome DevTools를 활용한 메모리 프로파일링 방법입니다.,메모리누수,167,2025-09-19
249,Garbage Collection 최적화,JavaScript 가비지 컬렉션 동작 원리와 메모리 사용량 최적화 전략을 다룹니다.,가비지컬렉션,198,2025-09-20
250,Performance Budget 관리,성능 예산 설정과 지속적인 성능 모니터링을 통한 웹 애플리케이션 품질 관리 방법입니다.,퍼포먼스예산,156,2025-09-21
